Name,Domain
Øptimus,0ptimus.com
180byTwo,180bytwo.com
33Across,33across.com
33 Mile Radius,33mileradius.com
Media Direct,360mediadirect.com
411,411.com
411 Locate,411locate.com
Flashtalking,flashtalking.com
5x5 US,5x5coop.com
6Sense Insights,6sense.com
700Credit,700credit.com
National Search Association,absolutepeoplesearch.com
The Business Journals,acbj.com
Accenture,accenture.com
InfoPay,accucomcorp.com
AccuData Integrated Marketing,accudata.com
Accuity,accuity.com
ACE Agents,aceagents.ai
Achcoop.com,achcoop.com
LeadJig + Acquire,acquiredirect.com
Acquire Media,acquiremedia.com
Active Intel,activeintel.com
Acxiom,acxiom.com
AdAdapted,adadapted.com
AdColony,adcolony.com
Carrollton Paint & Body,addresses.com
adMarketplace,admarketplace.com
Adrea Rubin Marketing,adrearubin.com
Adsquare,adsquare.com
Adstra,adstradata.com
Adttribution,adttribution.com
Advanced People Search,advanced-people-search.com
Advantage Solutions,advantagesolutions.net
Advantage Credit,advcredit.com
Affinity Solutions,affinity.solutions
Affinity Answers,affinityanswers.com
Next Wave Marketing Strategies,agedleadstore.com
All Global Resources,agrgroupinc.com
AGR Marketing Solutions,agrmarketingsolutions.com
Aidentified,aidentified.com
Alarms California,alarmscalifornia.org
Adstra,alc.com
Alesco Data,alescodata.com
Alhea,alhea.com
Allant Group,allantgroup.com
AllAreaCodes,allareacodes.com
Alliant,alliantdata.com
Alliant Cooperative Data Solutions,alliantinsight.com
All Web Leads,allwebleads.com
Alphonso,alphonso.tv
Altair Data Resources,altairdata.com
Altisource,altisource.com
Americaphonebook,americaphonebook.com
Amobee,amobee.com
Amplemarket,amplemarket.com
AmRent,amrent.com
AnalyticsIQ,analytics-iq.com
Ancestry,ancestry.com
Anchor Computer,anchorcomputer.com
Anderson Business Advisors,andersonadvisors.com
Andrews Wharton,andrewswharton.com
Anexinet,anexinet.com
Ansonia Credit Data .,ansoniacreditdata.com
Anteriad,anteriad.com
Apollo,apollo.io
Apollo Interactive,apollointeractive.com
Apolloprogram,apolloprogram.com
Applecart,applecart.co
Archives.com,archives.com
Aristotle,aristotle.com
Arity,arity.com
Arrakis Technologies Corp.,arrakis.ai
Arrests,arrests.org
Ask.com,ask.com
ASL Marketing,aslmarketing.com
Aspire North,aspire-north.com
ASSURANCE IQ,assurance.com
AtData,atdata.com
Atriks,atriks.com
ATTOM DATA SOLUTIONS,attomdata.com
"All Good Media,",attribits.com
Audience Acuity,audienceacuity.com
Audiencerate,audiencerate.com
Audient,audientco.com
Predictive Pop .,audigent.com
automotiveMastermind,automotivemastermind.com
AutoWeb .,autoweb.com
Avrick Direct,avrick.com
Avrick Direct,avrickdirect.com
All Web Leads .,awl.com
background alert,backgroundalert.com
Backgroundcheck,backgroundcheck.run
backgroundchecks.com,backgroundchecks.com
Backgrounds Online,backgroundsonline.com
BB Direct,bbdirect.com
bcint,bcint.com
BeenVerified.com,beenverified.com
Belardi Wong,belardiwong.com
Best Pick Reports,bestpickreports.com
BidSwitch,bidswitch.com
BV Insights,big-village.com
BIGDBM,bigdbm.com
BIGtoken®,bigtoken.com
Billtrust,billtrust.com
"BIS,",bisi.com
Spokeo,bizshark.com
Blackbaud,blackbaud.com
Black Knight,blackknightinc.com
Blis Global Ltd,blis.com
BlockShopper,blockshopper.com
Blue Action,blueaction.io
BoardEx,boardex.com
Bombora,bombora.com
Bookyourdata,bookyourdata.com
Wunderkind,bouncex.com
Brandwatch,brandwatch.com
Bridg,bridg.com
Updater,bridgevine.com
BrightSwipe,brightswipe.com
brooksim,brooksim.com
BusinessProfiles,businessprofiles.com
BuyerLink,buyerlink.com
Buzzfile,buzzfile.com
Cadent,cadent.tv
Calibrant Digital,calibrant.com
Connect Computer,calltruth.com
Cappex.com,cappex.com
CareerBuilder,careerbuilder.com
Carney Direct,carneydirect.com
Catalina,catalina.com
Catalist,catalist.us
Catalog Choice,catalogchoice.org
Catylist Commercial Real Estate Technology,catylist.com
CBCInnovis,cbcinnovis.com
CDK Global,cdkglobal.com
ReversePhoneCheck,cellphoneregistry.com
Censia,censia.com
Chartable,chartable.com
CheckPeople.com,checkpeople.com
Truth Now,checksecrets.com
Checkthem,checkthem.com
Choreograph,choreograph.com
CIC CREDIT,ciccredit.com
CIC Reports,cicreports.com
Cision,cision.com
Cisnationwide,cisnationwide.com
City-Data.com,city-data.com
CITYDATA.ai,citydata.ai
Citysearch,citysearch.com
CitySquares,citysquares.com
Civis Analytics,civisanalytics.com
Claritas,claritas.com
Experian's Clarity Services,clarityservices.com
Classfinders,classfinders.com
Classmates,classmates.com
Clearbit,clearbit.com
Clearview AI,clearview.ai
Clickagy,clickagy.com
Summit Resources,clientcommand.com
Client Connect,clientconnect.ai
ClustrMaps,clustrmaps.com
Cogensia,cogensia.com
Cognism,cognism.com
Cole Information,coleinformation.com
Collective Data Solutions,collectivedata.io
College Loan,collegeloan.com
Coloradovoters,coloradovoters.info
Commercialemailing,commercialemailing.com
Compact Lists,compactlists.com
Completemailinglists,completemailinglists.com
Complete Medical Lists,completemedicallists.com
Confi-Chek,confi-chek.com
Connected Investors,connectedinvestors.com
Connext Digital,connextdigital.com
Connvoters,connvoters.com
ContactOut,contactout.com
Contacts411,contacts411.com
California Contractors,contractorscalifornia.org
Epsilon,conversantmedia.com
CoreLogic,corelogic.com
Coresignal,coresignal.com
Cortera,cortera.com
CoStar Group,costar.com
Courtrecords,courtrecords.org
Courtregistry,courtregistry.org
Cowen,cowen.com
Credit Interlink,creditinterlink.com
Criminal-Records,criminal-records.org
Criminal Backgrounds,criminalbackgroundrecords.com
Criminalscreen,criminalscreen.com
CriminalWatchDog,criminalwatchdog.com
Criteo,criteo.com
Cross Pixel Media,crosspixel.net
CupidScreen,cupidscreen.com
Cybba,cybba.com
Cyndx,cyndx.com
Data Axle,data-axle.com
Databroker,data-broker.co.uk
Data America,dataamerica.com
DonorBase,dataaxlenonprofit.com
DatabaseUSA,databaseusa.com
DataDirect Marketing Solutions,datadirectmarketing.com
Data Facts,datafacts.com
Dataline,datalinedata.com
Datamasters,datamasters.org
Datanyze,datanyze.com
DataPartners,datapartners.com
Data + Content,datapluscontent.com
Datastream Group,datastreamgroup.com
First American,datatree.com
DataVerify,dataverify.com
DataX,dataxltd.com
Datonics,datonics.com
D Dots,ddotslab.com
DealerX Partners,dealerx.com
Deathrecords,deathrecords.org
DecisionLinks,decisionlinks.com
DeepPod,deeppod.ai
Deep Root Analytics,deeprootanalytics.com
ASL Marketing,deepsync.com
Definitive Healthcare,definitivehc.com
Degree.Me,degree.me
Deloitte,deloitte.com
Deluxe,deluxe.com
Demyst,demyst.com
California Dentists,dentistscalifornia.org
Detectiveunlimited,detectiveunlimited.com
Dexivo,dexivo.com
DexKnows,dexknows.com
Diablo Media,diablomedia.com
Dice,dice.com
DigDev Direct,digdevdirect.com
DigiCenter,digicenter.com
Digital Media Solutions,digitalmediasolutions.com
Digital Segment,digitalsegment.com
Digital Viking Media,digitalvikingmedia.com
Diligent,diligent.com
DirectMail.com,directmail.com
Disqus,disqus.com
INSURANCE MARKETING HUB,distpc.com
Divorcerecords,divorcerecords.org
Dmachoice,dmachoice.org
Dmdatabases,dmdatabases.com
Dun & Bradstreet,dnb.com
Dobsearch,dobsearch.com
Domymail,domymail.com
donorBase,donorbase.com
National Do Not Call Registry,donotcall.gov
dotin,dotin.us
Dresden Direct,dresdendirect.com
Drobu Media,drobu.com
DSA Direct,dsadirectllc.com
Dstillery,dstillery.com
Dynata,dynata.com
eMerges.com,e-merges.com
EAB,eab.com
Early Warning,earlywarning.com
EasyBackgroundChecks,easybackgroundchecks.com
easyBackgrounds,easybackgrounds.com
Emsi,economicmodeling.com
Edvisors,edvisors.com
Ekata,ekata.com
Xome,eleadz.com
El Toro IP Targeting,eltoro.com
PeopleSmart,emailfinder.com
Email Industries,emailindustries.com
Emailtracer,emailtracer.com
eMerges.com,emerges.com
Enformion,enformion.com
Engagement Media,engagementmediaco.com
ENGAGE,engagetalent.com
enginemediaexchange.com,enginemediaexchange.com
Entelo,entelo.com
EproDirect,eprodirect.com
Epsilon,epsilon.com
Equifax,equifax.com
e.Republic,erepublic.com
Everyclick,everyclick.com
Evorra,evorra.com
Exact Opco,exactcustomer.com
Exact Data,exactdata.com
Excite Education,excite.com
Executive Energy Management,executiveenergy.com
ExlService.com,exlservice.com
Experian,experian.com
Eyeota,eyeota.com
EZlocal,ezlocal.com
Facebook,facebook.com
Factori Technologies,factori.ai
Factual,factual.com
Factual Data,factualdata.com
Familyandfriendsfinder,familyandfriendsfinder.com
FamilySearch,familysearch.org
Familytreenow,familytreenow.com
Famous Birthdays,famousbirthdays.com
Faraday,faraday.io
Fetcher,fetcher.ai
Fhamortgagefinder,fhamortgagefinder.com
Fifty,fifty.io
Findem,findem.ai
Findmypast,findmypast.co.uk
Findpeoplesearch,findpeoplesearch.com
California Firearms Permits,firearmscalifornia.org
Firefly,fireflyon.com
Granite Media,firmfuel.com
First Direct,firstdirectmarketing.com
First Orion,firstorion.com
Home Contractors Review,fivestarrated.com
FlashIntel,flashintel.ai
Florida Residents Directory,floridaresidentsdirectory.com
Flvoters,flvoters.com
Fmadata,fmadata.com
Focus USA,focus-usa.com
FordDirect,forddirect.com
FOREWARN,forewarn.com
FourLeaf,fourleafdata.com
Foursquare,foursquare.com
Fraiser,fraiser.org
PlaceIQ,freckleiot.com
Freebackgroundcheck,freebackgroundcheck.us
FreeCellSearch,freecellsearch.com
Freepeopledirectory,freepeopledirectory.com
Free Phone Tracer,freephonetracer.com
FullContact,fullcontact.com
Fused Leads,fusedleads.com
Fushiamedia,fushiamedia.com
Gale,gale.com
Geranium Data,geraniumdata.com
GetEmails,getemails.com
LeadCrunch,getrev.ai
Golookup,golookup.com
GoodHire,goodhire.com
Goodshop,goodsearch.com
Strata,gostrata.com
Governmentregistry,governmentregistry.org
Govregistry,govregistry.us
Grassroots Analytics,grassrootsanalytics.com
Gravy Analytics,gravyanalytics.com
GrayHair Software,grayhairsoftware.com
Great Lakes Lists,greatlakeslists.com
CRISIL Irevna US,greenwich.com
GroundTruth,groundtruth.com
Growbots,growbots.com
GumGum,gumgum.com
Gunderson Direct,gundersondirect.com
H1,h1insights.com
Haines Criss+Cross,haines.com
Halfspace,halfspace.co.uk
Harmon Research Group,harmonresearch.com
Harte Hanks,hartehanks.com
Hauziz,hauziz.com
HealthCare.com,healthcare.com
HealthWise Data,healthwisedata.com
Heartbeat.AI,heartbeat.ai
Carry Technologies,hightouch.com
HireRight,hireright.com
Hiretual,hiretual.com
Hivestack,hivestack.com
Neustar,home.neustar
Homemetry,homemetry.com
Homeowners Marketing Services,homeownersmarketingservices.com
Homepricetrends,homepricetrends.com
Hunter,hunter.io
Hybrid Theory,hybridtheory.com
HYGENICSDATA,hygenicsdata.com
i360,i-360.com
ICX Media,icxmedia.com
ID5 Technology,id5.io
LexisNexis,idanalytics.com
Identitypi Com,identitypi.com
IDI,ididata.com
Idstrong,idstrong.com
IDTrue,idtrue.com
IHS Markit,ihsmarkit.com
Inbound Insight,inboundinsight.com
InCheck,incheck.net
Inflection,inflection.com
Infocore,infocore.com
Infofree.com,infofree.com
Data Axle,infogroup.com
InfoPay,infopay.com
Informa Plc,informa.com
Infortal Worldwide,infortal.com
Infospace,infospace.com
System1,system1.com
InfoTracer,infotracer.com
InfoUSA,infousa.com
Infutor,infutor.com
InMarket,inmarket.com
Innovis,innovis.com
Marketing Information Specialists,misdp.com
Insider Pages,insiderpages.com
InsideView,insideview.com
Instant Checkmate,instantcheckmate.com
Intalytics,intalytics.com
Integrated Medical Data,integratedmedicaldata.com
Inteligator,inteligator.com
Intelius,intelius.com
IntelliCorp Records,intellicorp.net
Intelius,intellius.com
Intelregistry,intelregistry.com
Intent IQ,intentiq.com
Internet Brands,internetbrands.com
IP2Location,ip2location.com
IHS Markit,ipreo.com
Ipsos,ipsos.com
IQVIA,iqvia.com
irys,irys.us
Zaba,isearch.com
iSpot.tv,ispot.tv
JailBase,jailbase.com
JDM List Services,jdmlistservices.com
J.D. Power,jdpower.com
Jellyfish,jellyfish.com
Jigyasa Analytics,jigyasaanalytics.com
Jornaya,jornaya.com
Jun Group,jungroup.com
Jverify,jverify.com
Jzmktg,jzmktg.com
KAYAK,kayak.com
Wunderman Data,kbmg.com
KB Synergy,kbsynergy.com
Keono,keono.com
Key Opinion Leaders,keyopinionleaders.com
Keyword Connects,keywordconnects.com
Killi,killi.io
King Marketing Group,kingmarketinggroup.com
Kiwisearches,kiwisearches.com
KnowWho,knowwho.com
Kochava,kochava.com
Komodo Health,komodohealth.com
KYC Data,kycdata.com
Labels & Lists,l2-data.com
L2Political,l2political.com
Lake B2B,lakeb2b.com
Lake Group Media,lakegroupmedia.com
LCI,lciinc.com
The Lead Company,lead.co
Lead411,lead411.com
LeadCrunch,leadcrunch.com
Leadership Connect,leadershipconnect.io
LeadIQ,leadiq.com
LeadLoft,leadloft.com
Lead Me Media,leadmemedia.com
LeadPost,leadpost.com
LeadsMarket.com,leadsmarket.com
Leadspace,leadspace.com
Mediazod,leadzod.com
Left Click,left-click.com
Legal Leads,legalleads.com
LexisNexis,lexisnexis.com
Liberty Data,libertydata.net
Lifesight,lifesight.io
LiftEngine,liftengine.com
LimeLeads,limeleads.com
ListMatch,listmatch.com
listsOnline,listsonline.com
Little Brook Media,littlebrookmedia.com
Live Data Technologies,livedatatechnologies.com
LiveIntent,liveintent.com
LiveRamp,liveramp.com
Local.com,local.com
LocalPages,localpages.com
Locatepeople,locatepeople.org
LocatePLUS,locateplus.com
LocateSmarter,locatesmarter.com
Lookify.io,lookify.io
Loopme,loopme.com
LOTaDATA,lotadata.com
Lotame,lotame.com
LSC MARKETING GROUP,lscmarketinggroup.com
Lusha,lusha.co
Lycos,lycos.com
Media One,m1-data.com
Madison Logic,madisonlogic.com
Magnite,magnite.com
Malvern Media,malvernmedia.com
Manta,manta.com
MapQuest,mapquest.com
Mapsmoji,mapsmoji.com
Marinus Analytics,marinusanalytics.com
Infutor Data Solutions,verisk.com
MarketOps,marketops.com
Sorted by Name,marriagesintexas.com
Martin-Data,martin-data.com
MatchAndAppend.com,matchandappend.com
Matchbook Data,matchbookdata.com
MaxMind,maxmind.com
Mbmugshots,mbmugshots.com
MCH Strategic Data,mchdata.com
MediaMath,mediamath.com
Mediaocean,mediaocean.com
Mediasoftstudio,mediasoftstudio.com
Media Source Solutions,mediasourcesolutions.com
MediaWallah,mediawallah.com
MedPro Systems,medprosystems.com
Megaphone,megaphone.fm
Melissa,melissa.com
Melissa,melissadata.com
MerchantCircle,merchantcircle.com
Meredith,meredith.com
MeritB2B,meritdirect.com
Merkle,merkleinc.com
MilestoneMarketingSolutions,milestonemarketingsolutions.com
Mimecast,mimecast.com
Mira,mira.co
Logiq,logiq.com
MailingLists.com,mlxp.com
Mobilewalla,mobilewalla.com
Findmypast,mocavo.com
Modernize,modernize.com
Monevo,monevo.us
MonitorBase,monitorbase.com
Monocl,monocl.com
M&R Strategic Services,mrss.com
Mug Shot,mugshots.com
myFICO,myfico.com
MyHeritage,myheritage.com
MyLife.com,mylife.com
Myspace,myspace.com
Valley Yellow Pages,myyp.com
NFocus Consulting,n-focus.com
National Background Check,nationalbackgroundcheck.com
Nativo,nativo.com
NCR Corporation,ncr.com
NCSolutions,ncsolutions.com
Neighbor,neighbor.report
Neilson Marketing Services,neilsonmarketing.com
New England List Services,nelists.com
NetWise,netwisedata.com
NextRoll,nextroll.com
Next Wave Marketing,nextwavemarketingstrategies.com
Nexxa Group,nexxagroup.com
Nielsen,nielsen.com
NinthDecimal,ninthdecimal.com
California Notaries,notariescalifornia.com
NOVA List Marketing Solutions,novalist.com
Equation Consulting,nThrive.com
NumberGuru.com,numberguru.com
Nuwber,nuwber.com
Okcaller,okcaller.com
Oldphonebook,oldphonebook.com
OnCore Leads,oncoreleads.com
Onemata Corporation,onemata.com
Online Searches,onlinesearches.com
Open Dealer Exchange,opendealerexchange.com
OpenX,openx.com
Optimal Fusion,optimalfusion.com
Optin Strategies,optinstrategies.org
Oracle,oracle.com
Otonomo,otonomo.io
Outbrain,outbrain.com
Outlogic,outlogic.io
Outward Media,outwardmedia.com
ownerIQ,owneriq.com
PacificEast,pacificeast.com
Paramount Lists,paramountdirectmarketing.com
Paramount Lists,paramountlists.com
Parasol Leads,parasolleads.com
Partners Credit & Verification Solutions,partnerscredit.com
Path2Response,path2response.com
PayNet,paynet.com
PBI Research Services,pbinfo.com
PeekYou,peekyou.com
NCTUE,nctue.com
People-Background-Check,people-background-check.com
PeopleFinders,people-finders.ws
YP,people.yellowpages.com
PeopleConnect,peopleconnect.us
People Data Labs,peopledatalabs.com
People Finder,peoplefinder.com
PeopleFinders,peoplefinders.com
Peoplefindersdaas,peoplefindersdaas.com
PeopleG2,peopleg2.com
PeopleLooker,peoplelooker.com
US Search.com,peoplelookup.com
The People Searchers,peoplesearcher.com
Peoplesearchpro,peoplesearchpro.com
PeopleSmart,peoplesmart.com
EmailTracer,peoplespy.com
PeopleSmart,peopleverified.com
Peoplewhiz,peoplewhiz.com
Permutive,permutive.com
Personifind,personifind.net
Persopo,persopo.com
Phonebooks,phonebooks.com
NumberGuru.com,phonedetective.com
PhoneOwner,phoneowner.com
Phoneregistry,phoneregistry.com
Intelius,phonesbook.com
Health is Wealth Marketing,pickmedicare.com
Pipl,pipl.com
PitchBook Data,pitchbook.com
PlaceIQ,placeiq.com
Plmrkg,plmrkg.com
Plusaddress,plusaddress.com
Pop Acta Media,popacta.com
DataMentors,porchgroupmedia.com
Poshmark,poshmark.com
PossibleNOW,possiblenow.com
Postie,postie.com
PRA Health Sciences,prahs.com
Preferred Communications Data,preferredcommunications.com
LexisNexis,privacyatchoicepoint.com
Privateeye,privateeye.com
Private Records,privaterecords.net
Infomatics,privatereports.com
PrivCo Media,privco.com
PropertyRadar,propertyradar.com
Property Reach LP,propertyreach.com
PropertyShark,propertyshark.com
Equimine,propstream.com
Public-Record-Site,public-record-site.com
US Search,publicrecords360.com
PublicSeek,publicseek.com
Pubmatic,pubmatic.com
PulsePoint,pulsepoint.com
PureCars Technologies,purecars.com
Push Interactive,pushint.com
PushSpring,pushspring.com
PwC,pwc.com
Quad,quad.com
Qualfon,qualfon.com
Quantcast,quantcast.com
QuinStreet,quinstreet.com
Quotient,quotient.com
Radaris,radaris.com
RampedUp Contact Data Solutions,rampedup.io
Raw Engineering,raweng.com
Reader's Digest,rd.com
Freemium Data Services,reachdata.com
Reach Marketing,reachmarketing.com
Realeflow,realeflow.com
RealSource,realsourcedata.com
Recorded Future,recordedfuture.com
Recordsauthority,recordsauthority.com
Recordsfinder,recordsfinder.com
Redbird Direct,redbirddirect.com
Refinition,refinition.com
Refinitiv,refinitiv.com
RE-HOLD,rehold.com
Reis,reis.com
Relationship Science,relsci.com
Remodeling.com,remodeling.com
Reonomy,reonomy.com
Resonate,resonate.com
Sports Business Journal,resourceguidelive.com
Retargetly,retargetly.com
GetEmails,retention.com
Reveal Mobile,revealmobile.com
RevealName,revealname.com
Revelio Labs,reveliolabs.com
RevenueBase,revenuebase.ai
Reversegenie,reversegenie.com
Reversemobile,reversemobile.com
Simcast,reversenumberdatabase.com
Reversephonecheck,reversephonecheck.com
ReversePhoneLookup,reversephonelookup.com
InfoTracer,reverserecords.org
RGR Marketing,rgrmarketing.com
Rhetorik,rhetorik.com
Rich Media,richmediallc.com
LexisNexis,risk.lexisnexis.com
ROC Advertising,rocadvertising.com
RocketReach,rocketreach.co
Rootsweb.com,rootsweb.com
FADILAW MARKETING,rpmleader.com
RRD,rrd.com
Infutor,ruf.com
SafeGraph,safegraph.com
Sagestreamllc,sagestreamllc.com
SalesEngine.ai,salesengine.ai
SalesIntel,salesintel.io
Sathiya,salutarydata.com
Samba TV,samba.tv
Spotlight,sapphirespotlight.com
Sawyer Data Direct,sawyerlists.com
SBFE,sbfe.org
Scanbuy,scanbuy.com
SciLeads,scileads.com
Scraping Robot,scrapingrobot.com
Seamless.AI,seamless.ai
SearchBug,searchbug.com
SearchQuarry.com,searchquarry.com
Seekout,seekout.io
Semasio,semasio.com
Semcasting,semcasting.com
SentiLink,sentilink.com
Share Local Media,sharelocalmedia.com
ShareThis,sharethis.com
PwC,signalframe.com
SimioCloud,simiocloud.com
Sirdata,sirdata.com
Site Impact,siteimpact.com
Skipsmasher,skipsmasher.com
Skydeo,skydeo.com
Slashdot Media,slashdotmedia.com
SMA Communications,smacomm.com
SMARTe,smarteinc.com
CTAM LeadShare Corp,smartmove.us
Specialists Marketing Services,sms-inc.com
Snoopstation,snoopstation.com
SocialCatfish,socialcatfish.com
Socialgist,socialgist.com
Social Outlier,socialoutlier.com
Sortedbybirthdate,sortedbybirthdate.com
Sortedbyname,sortedbyname.com
Sourceit Technologies,sourceit.co
SOURCEit Marketing,sourceitmarketing.com
SourceScrub,sourcescrub.com
Sovrn Holdings,sovrn.com
Span Global Services,spanglobalservices.com
Specialtycontactdatabases,specialtycontactdatabases.com
Spectrum Mailing Lists,spectrumlists.com
SPECTRUM MAILING LISTS,spectrummailinglists.com
Speedeon Data,speedeondata.com
S&P Global,spglobal.com
Spokeo,spokeo.com
SpyTox,spytox.com
SRAX,srax.com
StartApp,startapp.com
Statara Solutions,statara.com
US State Records,staterecords.org
Statlistics,statlistics.com
StatSocial,statsocial.com
Step2Successmarketing,step2successmarketing.com
Sterling Data Company,sterling.ai
Sterling,sterlingcheck.com
Sterlingd,sterlingd.com
Sterling Data Company,sterlingstrategies.co
Stirista,stirista.com
Strategicdataintelligence,strategicdataintelligence.com
Data Facts,strategicinfo.com
Digion,structure.ac
National Student Clearinghouse,studentclearinghouse.org
Suarez Corporation Industries,suarez.com
Superpages.com,superpages.com
Swordfish.ai,swordfishapp.com
Sync.ME,sync.me
Taboola,taboola.com
Tapad,tapad.com
TargetSmart,targetsmart.com
Neustar,team.neustar
TechTarget,techtarget.com
Telefi,telefi.app
Telephone Directories,telephonedirectories.us
Telephone Lists,telephonelists.biz
Neustar,telo.com
Tenantdetective,tenantdetective.com
Terrain Advisors,terrainadvisors.com
ThatsThem.com,thatsthem.com
Bridge,thebridgecorp.com
The Data Group,thedatagroup.com
Data Trust,thedatatrust.com
Association of National Advertisers,thedma.org
Digital Media Solutions,thedmsgrp.com
The MediaGrid,themediagrid.com
RecruitBot,therecruitbot.com
Rooftop Digital,therooftop.io
Theworknumber,theworknumber.com
Thomson Reuters,thomson.com
Thomson Reuters,thomsonreuters.com
Throtle,throtle.io
TLOxp,tlo.com
TowerData,towerdata.com
Traackr,traackr.com
Tracers,tracersinfoonline.com
TransUnion,transunion.com
Traverse,traversedata.com
True Blue Analytics,trueblueanalytics.org
TrueData,truedata.co
True Influence,trueinfluence.com
Truepeoplesearch,truepeoplesearch.com
TruePeopleSearch,truepeoplesearch.net
TruFactor,trufactor.io
TruthFinder,truthfinder.com
Tutela,tutela.com
TrueData,twinedata.com
Tymax Media,tymaxmedia.com
UM,ubermedia.com
Ubimo,ubimo.com
UCC 411,ucc411.com
Unacast,unacast.com
Unearth Campaigns,unearthcampaigns.com
Unitedstatesphonebook,unitedstatesphonebook.com
Unity,unity.com
UpLead,uplead.com
UPS Capital Corporation,upscapital.com
Background Checks,usabackground.com
USADATA,usadata.com
US Data,usdatacorporation.com
USInfoSearch,usinfosearch.com
US Marketing Group,usmarketinggrp.com
US Search.com,ussearch.com
V12,v12data.com
Valassis,valassis.com
Valpak,valpak.com
VDX.tv,vdx.tv
Veeva Systems,veeva.com
Venntel,venntel.com
VenPath,venpath.net
VentiveIQ,ventiveiq.com
Veraset,veraset.com
Veripages,veripages.com
Versium,versium.com
Vertify,vertify.com
Viant Technology,viantinc.com
VideoAmp,videoamp.com
Voterfactory,voterfactory.com
VRTCAL Markets,vrtcal.com
WealthEngine,wealthx.com
Webbula,webbula.com
We Inform,weinform.org
Welltok,welltok.com
Whitepages,whitepages.com
Whitepages,whitepages.plus
Wiland,wiland.com
Windfall,windfalldata.com
Wunderkind Corporation,wunderkind.co
Wundermandata,wundermandata.com
Wyty,wyty.com
USA Official,xlek.com
X-Mode Social,xmode.io
Xome,xome.com
yasni,yasni.com
Yello,yello.co
American Yellow Pages,ypstate.com
Zaba,zabasearch.com
ZENRIN USA,zenrin.com
Zeotap,zeotap.com
Zeta Global,zetaglobal.com
ZoomInfo,zoominfo.com
ZS,zs.com
Buxton Company,buxtonco.com
Cappex.com,appily.com
Rooftop Digital,rooftopdigital.com
Pathway Ventures,indivizio.com
Proxima Platform,proximaplatform.com
Astoria Company Marketing,astoriacompany.com
Klarifi,klarifi.io
Biscred,biscred.com
BrightCheck,brightcheck.com
LIZDEV INC,lizdev.com
Source Path Digital,sourcepathdigital.com
idEngine,idengine.com
Intentsify,intentsify.io
CrawlBee Corp,crawlbee.com
Mobile Technology Corporation,onspotdata.com
Biointelli Corporation,https
Foo Monk,instantly.ai
14News,14news.com
192,192.com
Shed,sched.com
411,411.info
501c3lookup,501c3lookup.org
Adapt,adapt.io
AeroLeads,aeroleads.com
Alchetron,alchetron.com
Alignable,alignable.com
AllCounseling,allcounseling.com
AlliedGardensKiwanis,alliedgardenskiwanis.org
AllTrails,alltrails.com
AlphaBusinessTrends,alphabusinesstrends.com
Ancestry,ancestry.ca
AnyWho,anywho.com
ApartmentFinder,apartmentfinder.com
Lead411,app.lead411.com
ArdsleyPTA,ardsleypta.org
ArmorHealthcare,armorhealthcare.com
AroundDeal,arounddeal.com
ArrestFacts,arrestfacts.com
Ask,ask.fm
AssessorsData,assessorsdata.com
Athletics,athletics.forkunion.com
Athletics,athletics.wesleyan.edu
Avvo,avvo.com
BackgroundCheckers,backgroundcheckers.net
Bartleby,bartleby.com
ActiveIntel,ActiveIntel.com
Acxiom,ACXIOM.COM
InstantCheckmate,InstantCheckmate.com
ADVCredit,ADVCREDIT.COM
AllAreaCodes,ALLAREACODES.COM
BKFS,bkfs.com
CDK,cdk.com
CICReports,CICReports.com
Moodys,moodys.com
CriminalPages,criminalpages.com
DatabaseUSA,DatabaseUSA.com
Datasys,Datasys.com
DMSGroup,dmsgroup.com
Twilio,twilio.com
DISA,disa.com
HireRight,Hireright.com
Cisive,cisive.com
G2RiskSolutions,g2risksolutions.com
UniversalBackground,universalbackground.com
AccuSourceHR,accusourcehr.com
Tracers,tracers.com
Yasni,yasni.de
CoreLogicSolutions,corelogicsolutions.co.uk
FICO,fico.com
WalnutUnlimited,walnutunlimited.com
KantarWorldPanel,kantarworldpanel.com
MRISoftware,mrisoftware.com
SpreadCo,spreadco.com
Selectabase,selectabase.co.uk
Projekt29,projekt29.de
Quandl,quandl.com
DBSData,DBSdata.co.uk
BDPAgency,bdpagency.com
Prospect360,prospect360.co.uk
WhichList2,whichlist2.com
Media-Arrow,media-arrow.co.uk
HJMarketing,hjmarketing.co.uk
1PlusX,1plusx.com
4WMarketplace,4wmarketplace.com
AccordantMedia,accordantmedia.com
Adara,adara.com
Exponential,exponential.com
Fonecta,fonecta.com
Gamned,gamned.com
Adform,adform.com
AdGear,adgear.com
Adux,adux.com
Advanced-Store,advanced-store.com
Awin,awin.com
InfectiousMedia,infectiousmedia.com
Amazon,amazon.co.uk
BounceExchange,bounceexchange.com
Captify,captify.co.uk
Jaguda,jaguda.com
Knorex,knorex.com
Lighthouse-Media,lighthouse-media.com
CSS,css.one.microsoft.com
MiQ,miq.com
GroupM,groupm.com
Myntelligence,myntelligence.com
NanoInteractive,nanointeractive.com
NeodataGroup,neodatagroup.com
Numberly,numberly.com
AOL,aol.com
Legislator,legislator.de
Plista,plista.com
TurkTelekom,turktelekom.com.tr
Sidereel,sidereel.com
Scoota,scoota.com
Signal,signal.co
Skimlinks,skimlinks.com
SmartAdServer,smartadserver.com
SmartClip,smartclip.tv
Teads,teads.tv
TheTradeDesk,thetradedesk.com
TripleLift,triplelift.com
United-Internet-Media,united-internet-media.de
VerticalMass,verticalmass.com
TransUnion,transunion.co.uk
LexisNexisRisk,lexisnexisrisk.com
R1DMediagroup,r1dmediagroup.com
BlackwellXO,blackwellxo.com
United-Internet,united-internet.de
Datalogix,datalogix.ie
DMS,dms.net
LexisNexisRisk,LexisNexisRisk.com
Publicis Groupe,publicisgroupe.com
BDO USA,bdo.com
Bliss Point Media,blisspointmedia.com
Buildertrend Solutions,buildertrend.com
BVD,bvdinfo.com
Carevoyance,carevoyance.com
Compile,compile.com
Comscore,comscore.com
Consider,consider.com
Contentgine,contentgine.com
Contint,contintinc.com
Convex Labs,convex.com
Crunchbase,crunchbase.com
Cuebiq,cuebiq.com
Customer Communications Group,customer.com
Data Management,data-management.com
DataDelivers,datadelivers.com
Datasys Group,datasys.com
Dealersocket,dealersocket.com
Decide Technologies,decide.co
DEMANDBASE,demandbase.com
Demand Science Group,demandscience.com
DTN,dtn.com
Emailmovers,emailmovers.com
Enigma Technologies,enigma.com
eSite Analytics,esiteanalytics.com
Electronic Voice Services,evs7.com
Ferreter,ferret.ai
FinThrive Healthcare,finthrive.com
FourthWall Media,fourthwall.tv
FreeWheel Media,freewheel.com
GetConversionData,getenriched.io
Giant Partners,giantpartners.com
Glad I Know,gladiknow.com
Good Boy Studios,goodboystudios.com
Greenhouse Software,greenhouse.com
Helmer Printing,helmerprinting.com
Helm Labs,helmteam.us
HireTeamMate,hireez.com
IDM,idm.us.com
InstantBackgroundReport,instantbackgroundreport.com
Intentgine,intentgine.com
IntentMacro,intentmacro.com
Perf Labs,interseller.io
Leidos Digital Solutions,intranetquorum.com
Institutional Shareholder Services,issgovernance.com
iWave Information Systems,iwave.com
JKID Consulting,jkidconsulting.com
JMR Media Consulting,jmr-media.com
eSite Analytics,kalibrate.com
Lighthouse List,lighthouselist.com
LionShare Marketing,lionsharemarketing.com
Email Marketing Services,listmatch.co
Lists Inc,lists-inc.com
List Service Direct,listservicedirect.com
LoanOfficerContactInfo,loanofficercontactinfo.com
LookWhoGotBusted,lookwhogotbusted.com
L.S. Mobile Apps Holding,lsmapps.com
Lusha Systems,lusha.com
Machintel,machintel.com
MadHive,madhive.com
Infinite Media Concepts,mailinglists.com
Market Force,marketforcecorp.com
MarketResearchAssociates,marketresearchassociatesinc.com
MarriageRecords,marriagerecords.org
Media.net,media.net
MichiganVoters,michiganvoters.info
Minerva BI,minervadata.xyz
ModFx Labs Private,modfxlabs.com
Mogean,mogean.com
Monevo,monevo.com
Moody's Analytics,moodysanalytics.com
Media Resource Group,mrginc.com
MugShotsOnline,mugshotsonline.com
Multimedia Lists,multimedialists.com
Near Intelligence,near.com
NewEnglandFacts,newenglandfacts.com
Nexsales Solutions,nexsales.com
OnAudience,onaudience.com
One Model,onemodel.co
OPENonline,openonline.com
The Open Data People,openpeoplesearch.com
PeopleByName,peoplebyname.com
PeopleFinderOnline,peoplefinderonline.net
PostPilot,postpilot.com
PlaceIQ,precisely.com
PublicRecords.Com,publicrecords.com
PublicRecordsChecks,publicrecordschecks.com
PublicRecordsNow,publicrecordsnow.com
PublicRecordsSearchOnline,publicrecordssearchonline.org
RealityDebtSolutions,realitydebtsolutions.com
RecruitBot,recruitbot.com
Redi-Data,redidata.com
ResearchUSA,researchusallc.com
Roq.ad,roq.ad
Round Sky,roundsky.com
Hero Group,s2smarketing.com
Sabio,sabio.inc
Knowledge Works,paynetonline.com
ZipStorm,seekout.com
Sharethrough,sharethrough.com
SheerID,sheerid.com
Skyhook Holding,skyhook.com
Slintel,slintel.com
SpyCloud,spycloud.com
SpyDialer.com,spydialer.com
Steppingblocks,steppingblocks.com
T-Mobile USA,t-mobile.com
Terminus Software,terminus.com
Tinuiti,tinuiti.com
Trestle Solutions,trestleiq.com
Tunnl,tunnldata.com
Valassis Communications,vericast.com
Visual Visitor,visualvisitor.com
Warmly,warmly.ai
VRTCAL Markets,wealthengine.com
Windfall Data,windfall.com
WisdomMediaGroup,wisdommediagroupllc.com
Wiza,wiza.co
Wodwo,wodwo.co
Yobi Ventures,yobi.ai
PLEXUSS,plexuss.com
Merkle,merkle.com
H1 Insights,h1.co
AppScience,appscience.inc
Frontier Financial Group,newfrontierdata.com
Nexxen,nexxen.com
Qurium Solutions,supplier.io
Faraday,faraday.ai
Disco Technology,disconetwork.com
Azerion US,azerion.com
StackAdapt,stackadapt.com
WealthFeed,wealthfeed.com
4Eyes.ai,4-eyes.ai
Swordfish AI,swordfish.ai
Kloudend,ipapi.co
Ad Direct,addirectinc.com
Black Pearl Group,blackpearl.com
DataDojo CDP,datadojo.ai
IDG Communications,idg.com
AnyMailFinder,anymailfinder.com